sen,words,label
قال الطالب : أنا ناجح,قال : فعل ماضي,1
قال الطالب : أنا ناجح,الطالب : فاعل مرفوع وعلامة رفعه الضمة,1
قال الطالب : أنا ناجح,أنا : ضمير مبني في محل رفع مبتدأ,1
قال الطالب : أنا ناجح,ناجح : خبر مرفوع وعلامة رفعه الضمة,1
المرضى نائمون,المرضى : مبتدأ مرفوع وعلامة رفعه الضمة المقدرة على الألف,1
المرضى نائمون,نائمون : خبر مرفوع وعلامة رفعه الواو لأنه جمع مذكر سالم,1
الطائر يطير في السماء,الطائر : مبتدأ مرفوع وعلامة رفعه الضمة الظاهرة على آخره,1
الطائر يطير في السماء,"يطير : فعل مضارع مرفوع وعلامة رفعه الضمة الظاهرة على آخره،والفاعل ضمير مستتر تقديره ""هو"" يعود على الطائر",1
الطائر يطير في السماء,في : حرف جر,1
الطائر يطير في السماء,"السماء : اسم مجرور بـ ""في"" وعلامة جره الكسرة الظاهرة على آخره",1
الذي يفوز فله جائزة,الذي : اسم موصول متضمن معنى الشرط،مبني على السكون في محل رفع مبتدأ,1
الذي يفوز فله جائزة,يفوز : فعل مضارع مرفوع،وعلامة رفعه الضمة الظاهرة على آخره,1
الذي يفوز فله جائزة,"الفاعل : ضمير مستتر جوازا تقديره ""هو""",1
الذي يفوز فله جائزة,"فله : الفاء : رابطة جواب الشرط ""الذي"" تضمنه اسم الموصول،اللام : حرف جر مبني على الفتح لا محل له من الإعراب،الهاء : ضمير متصل في محل جر بحرف الجر ""اللام""،وشبه الجملة ""له"" في محل رفع خبر مقدم للمبتدأ ""جائزة""",1
الذي يفوز فله جائزة,جائزة : مبتدأ مؤخر مرفوع وعلامة رفعه الضمة الظاهرة على آخره,1
إن العلم طريقه طويلة,إن : حرف توكيد ونصب مبني على الفتحة لا محل له من الإعراب,1
إن العلم طريقه طويلة,العلم : اسم إن منصوب وعلامة نصبه الفتحة الظاهرة على آخره,1
إن العلم طريقه طويلة,طريقه : مبتدأ مرفوع وعلامة رفعه الضمة الظاهرة، وهو مضاف، والهاء : ضمير متصل مبني على الضم في محل جر مضاف إليه,1
إن العلم طريقه طويلة,طويلة : خبر المبتدأ مرفوع وعلامة رفعه الضمة الظاهرة على آخره,1
قال الطالب : أنا مجد,قال : فعل ماض مبني على الفتحة الظاهرة على آخره,1
قال الطالب : أنا مجد,الطالب : فاعل مرفوع وعلامة رفعه الضمة الظاهرة على آخره,1
قال الطالب : أنا مجد,أنا : ضمير منفصل مبني على السكون في محل رفع مبتدأ,1
قال الطالب : أنا مجد,مجد : خبر المبتدأ مرفوع وعلامة رفعه تنوين الضم الظاهر على آخره,1
رأيتها حين جاءت,رأيتها : رأى : فعل ماضي،التاء : ضمير متصل مبني في محل رفع فاعل،الهاء : ضمير متصل مبني في محل نصب مفعول به,1
رأيتها حين جاءت,حين : ظرف زمان,1
رأيتها حين جاءت,"جاءت : جاء : فعل ماضي، التاء : تاء الفاعل،وجملة ""جاءت"" في محل جر مضاف إليه",1
الطالبان مجدان,الطالبان : مبتدأ مرفوع، وعلامة رفعه الألف لأنه مثنى,1
الطالبان مجدان,مجدان : خبر مرفوع، وعلامة رفعه الألف لأنه مثنى,1
وإن عليكم لحافظين,إن : حرف توكيد ونصب مشبه بالفعل,1
وإن عليكم لحافظين,ينصب المبتدأ ويرفع الخبر،مبني على الفتح،لا محل له من الإعراب,1
وإن عليكم لحافظين,عليكم : خبر إن شبه جملة مقدم،في محل نصب,1
وإن عليكم لحافظين,على : حرف جر مبني على السكون,1
وإن عليكم لحافظين,"كم : ضمير مبني على السكون في محل جر اسم مجرور ل ""على""",1
وإن عليكم لحافظين,لحافظين : اسم إن منصوب وعلامة نصبه الياء نيابة عن الفتحة لأنه جمع مذكر سالم واللام للتوكيد,1
ابتعد عن قرين السوء,"ابتعد : فعل أمر مبني على السكون،والفاعل ضمير مستتر وجوباتقديره ""أنت""",1
ابتعد عن قرين السوء,عن : حرف جر مبني على السكون,1
ابتعد عن قرين السوء,"قرين : اسم مجرور بحرف الجر ""عن""،وعلامة جره الكسرة الظاهرة على آخره",1
ابتعد عن قرين السوء,وهو مضاف,1
ابتعد عن قرين السوء,السوء : مضاف إليه مجرور وعلامة جره الكسرة الظاهرة على آخره,1
فهمت الدرس,فهمت : فعل ماض مبني على السكون لاتصاله بالتاء المتحركة،التاء : ضمير متصل مبني على الضم في محل رفع فاعل,1
فهمت الدرس,الدرس : مفعول به منصوب وعلامة نصبه الفتحة الظاهرة على آخره,1
جاء الذي كتب,"جاء : فعل ماض مبني على الفتح،والفاعل ضمير مستتر تقديره ""هو""",1
جاء الذي كتب,الذي : اسم موصول مبني على السكون في محل رفع فاعل,1
جاء الذي كتب,كتب : فعل ماض مبني على الفتحة الظاهرة على آخره،والفاعل ضمير مستتر تقديره هو,1
دخل الولد إلى الصف,دخل : فعل ماض مبني على الفتح الظاهر على آخره,1
دخل الولد إلى الصف,​الولد : فاعل مرفوع وعلامة رفعة الضمة الظاهرة على آخره,1
دخل الولد إلى الصف,​إلى : حرف جر مبني على السكون المقدر على آخره,1
دخل الولد إلى الصف,​الصف : اسم مجرور وعلامة جره الكسرة الظاهرة على آخره ,1
دخل الولد إلى الصف,​,1
نحن المسلمين موحدون,نحن : ضمير منفصل مبني على الضم في محل رفع مبتدأ,1
نحن المسلمين موحدون,المسلمين : منصوب على الاختصاص أو مفعول به منصوب وعلامة نصبه الياء لفعل محذوف وجوبا تقديره أخص،وفاعله ضمير مستتر فيه وجوبا،والجملة من الفعل والفاعل لا محل لها من الإعراب لأنها جملة اعتراضية,1
نحن المسلمين موحدون,موحدون : خبر المبتدأ مرفوع وعلامة رفعه الواو لأنه جمع مذكر سالم,1
هذا لئيم,هذا : اسم إشارة،مبني على السكون في محل رفع مبتدأ,1
هذا لئيم,لئيم : خبر مرفوع وعلامة رفعه الضمة الظاهرة على آخره,1
أذنا الحصان صغيرتان,أذنا : مبتدأ مرفوع وعلامة رفعه الألف نيابة عن الضمة لأنه مثنى وحذفت النون للإضافة وهو مضاف,1
أذنا الحصان صغيرتان,الحصان : مضاف إليه مجرور وعلامة جره الكسرة الظاهرة على آخره,1
أذنا الحصان صغيرتان,صغيرتان : خبرمرفوع وعلامة رفعه الألف نيابة عن الضمة لأنه مثنى,1
أي طالب جاء؟,أي : مبتدأ مرفوع وعلامة رفعه الضمة الظاهرة على آخره وهو مضاف,1
أي طالب جاء؟,طالب : مضاف إليه مجرور وعلامة جرة الكسرة الظاهرة على آخره,1
أي طالب جاء؟,"جاء : فعل ماض مبني على الفتح والفاعل ضمير مستتر جوازا تقديره ""هو""",1
أيها الطالب اهتم بدراستك,أيها : أي : منادى مبني على الضم في محل نصب,1
أيها الطالب اهتم بدراستك,"أداة النداء محذوفة تقديرها""يا""،ها : حرف تنبيه مبني على السكون لا محل له من الإعراب",1
أيها الطالب اهتم بدراستك,الطالب : نعت تابع للمنادى في رفعه وعلامة رفعه الضمة الظاهرة على آخره,1
أيها الطالب اهتم بدراستك,"اهتم : فعل أمر مبني على السكون، والفاعل ضمير مستتر وجوبا تقديره ""أنت""",1
أيها الطالب اهتم بدراستك,بدراستك : الباء : حرف جر مبني على الكسر,1
أيها الطالب اهتم بدراستك,"دراستك : اسم مجرور ب""الباء""،وعلامة جره الكسرة الظاهرة على آخره،وهو مضاف،الكاف : ضمير متصل مبنيعلى الفتح في محل جر مضاف إليه",1
رأيت القمر في السماء,رأيت : رأى : فعل ماض مبني على السكون لاتصاله بتاء الفاعل،التاء : ضمير متصل مبني على الضم في محل رفع فاعل,1
رأيت القمر في السماء,القمر : مفعول به منصوب وعلامة نصبه الفتحة الظاهرة على آخره,1
رأيت القمر في السماء,في : حرف جر,1
رأيت القمر في السماء,"السماء : اسم مجرور بـ ""في"" وعلامة جره الكسرة الظاهرة على آخره",1
رأيت زيدا كتابه في يده,رأيت : رأى : فعل ماض مبني على السكون لاتصاله بتاء الفاعل,1
رأيت زيدا كتابه في يده,التاء : ضمير متصل مبني على الضم في محل رفع فاعل,1
رأيت زيدا كتابه في يده,زيدا : مفعول به أول منصوب وعلامة نصبه الفتحة الظاهرة على آخره,1
رأيت زيدا كتابه في يده,كتابه : (كتاب) مبتدأ مرفوع بالضمة الظاهرة، وهو مضاف، و(الهاء) ضمير متصل مبني على الضم في محل جر بالإضافة,1
رأيت زيدا كتابه في يده," في يده : (في) حرف جر، و(يده) : اسم مجرور بـ""في"" وعلامة جره الكسرة، وهو مضاف، و(الهاء)ضمير متصل مبني على الكسر في محل جر بالإضافة",1
كل من تلقاه يشكو دهره,كل : مبتدأ مرفوع وعلامة رفعه الضمة الظاهرة على آخره، وهو مضاف,1
كل من تلقاه يشكو دهره,من : اسم موصول مبني في محل جر مضاف إليه,1
كل من تلقاه يشكو دهره,تلقاه : تلقى : فعل مضارع مرفوع وعلامة رفعه الضمة المقدرة على الألف للتعذر,1
كل من تلقاه يشكو دهره,هاء : ضمير متصل في محل نصب مفعول به,1
كل من تلقاه يشكو دهره,"يشكو : فعل مضارع مرفوع وعلامة رفعه الضمة المقدرة على الواو للثقل،والفاعل ضمير مستتر تقديره ""هو""",1
كل من تلقاه يشكو دهره,دهره : دهر : مفعول به منصوب وعلامة نصبه الفتحة الظاهرة على آخره،وهو مضاف,1
كل من تلقاه يشكو دهره,هاء : ضمير متصل في محل جر مضاف إليه,1
أصادق قول علي,أصادق : الهمزة حرف استفهام،صادق : مبتدأ مرفوع بالضمة,1
أصادق قول علي,"قول : فاعل لاسم الفاعل ""صادق"" وهو مضاف",1
أصادق قول علي,علي : مضاف إليه مجرور بالكسرة,1
هذان الضاربان زيدا,هذان : اسم إشارة مرفوع بالألف، وهو مبتدأ,1
هذان الضاربان زيدا,الضاربان : خبر مرفوع بالألف,1
هذان الضاربان زيدا,"زيدا : مفعول به لاسم الفاعل ""الضاربان""",1
وأنطقت الدراهم بعد صمت أناسا بعدما كانوا سكوتا,و : حرف عطف,1
وأنطقت الدراهم بعد صمت أناسا بعدما كانوا سكوتا,أنطقت : فعل ماض مبني على الفتح، والتاء تاء التأنيث الساكنة لا محل لها من الإعراب,1
وأنطقت الدراهم بعد صمت أناسا بعدما كانوا سكوتا,الدراهم : فاعل مرفوع وعلامة رفعه الضمة الظاهرة على آخره,1
وأنطقت الدراهم بعد صمت أناسا بعدما كانوا سكوتا,بعد : ظرف زمان منصوب وهو مضاف,1
وأنطقت الدراهم بعد صمت أناسا بعدما كانوا سكوتا,صمت : مضاف إليه مجرور وعلامة جره الكسرة الظاهرة على آخره,1
وأنطقت الدراهم بعد صمت أناسا بعدما كانوا سكوتا,أناسا : مفعول به منصوب وعلامة نصبه الفتحة الظاهرة على آخره,1
وأنطقت الدراهم بعد صمت أناسا بعدما كانوا سكوتا,بعدما : بعد : ظرف زمان مبني على الفتح وهو مضاف،ما : مصدرية زمانية مبنية على السكون لا محل لها من الإعراب,1
وأنطقت الدراهم بعد صمت أناسا بعدما كانوا سكوتا,"كانوا : كان : فعل ماض ناقص مبني على الضم لاتصاله بواو الجماعة،واو الجماعة : ضمير متصل مبني على السكون في محل رفع اسم ""كان""",1
وأنطقت الدراهم بعد صمت أناسا بعدما كانوا سكوتا,"سكوتا : خبر ""كان"" منصوب وعلامة نصبه الفتحة الظاهرة على آخره",1
الكريم محبوب,الكريم : مبتدأ مرفوع،وعلامة رفعه الضمة الظاهرة على آخره,1
الكريم محبوب,محبوب : خبر مرفوع وعلامة رفعه الضمة الظاهرة على آخره,1
وصل غاضبا,"وصل : فعل ماض مبني على الفتح والفاعل ضمير مستتر جوازا تقديره ""هو""",1
وصل غاضبا,غاضبا : حال منصوب وعلامة نصبه الفتحة الظاهرة على آخره,1
و إن الساعة لآتية,إن : حرف توكيد ونصب مشبه بالفعل,1
و إن الساعة لآتية,ينصب المبتدأ ويرفع الخبر،مبني على الفتح،لا محل له من الإعراب,1
و إن الساعة لآتية,الساعة : اسم إن منصوب وعلامة نصبه الفتحة الظاهرة على آخره ,1
و إن الساعة لآتية,لآتية : خبر إن مرفوع وعلامة رفعه الضمة الظاهرة على آخره،واللام للتوكيد,1
المجتهد ينجح,المجتهد : مبتدأ مرفوع وعلامة رفعه الضمة الظاهرة على آخره,1
المجتهد ينجح,ينجح : فعل مضارع مرفوع وعلامة رفعه الضمة الظاهرة على آخره،والفاعل ضمير مستتر تقديره هو,1
يسعدني أن تصدق,يسعدني : فعل مضارع مرفوع، وعلامة رفعه الضمة الظاهرة على آخره،النون : نون الوقاية حرف مبني على الكسر لا محل له من الإعراب،الياء : ضمير متصل مبني على السكون في محل نصب مفعول به,1
يسعدني أن تصدق,أن : حرف نصب ومصدر مبني على السكون,1
يسعدني أن تصدق,"تصدق : فعل مضارع منصوب ب ""أن"" وعلامة نصبه الفتحة الظاهرة على آخره،والفاعل ضمير مستتر وجوبا تقديره ""أنت""",1
إن تذاكر فستنجح,إن : أداة جزم,1
إن تذاكر فستنجح,"تذاكر : فعل مضارع مجزوم وعلامة جزمه السكون (فعل الشرط)، والفاعل ضمير مستتر تقديره ""أنت""",1
إن تذاكر فستنجح,"فستنجح : الفاء : رابطة لجواب الشرط،لا محل لها من الإعراب،ستنجح : فعل مضارع مجزوم وعلامة جزمه السكون (جواب الشرط)، والفاعل ضمير مستتر تقديره ""أنت""",1
قرأ أحمد الكتاب بسرعة,قرأ : فعل ماض مبني على الفتح,1
قرأ أحمد الكتاب بسرعة,أحمد : فاعل مرفوع وعلامة رفعه الضمة الظاهرة على آخره,1
قرأ أحمد الكتاب بسرعة,الكتاب : مفعول به منصوب وعلامة نصبه الفتحة الظاهرة على آخره,1
قرأ أحمد الكتاب بسرعة,بسرعة : الباء : حرف جر,1
قرأ أحمد الكتاب بسرعة,سرعة : اسم مجرور وعلامة جره الكسرة الظاهرة على آخره,1
فهم الولدان الأمر,فهم : فعل ماض مبني على الفتح,1
فهم الولدان الأمر,الولدان : فاعل مرفوع وعلامة رفعه الألف لأنه مثنى,1
فهم الولدان الأمر,الأمر : مفعول به منصوب وعلامة نصبه الفتحة الظاهرة على آخره,1
تعمل الممرضات في المستشفى,تعمل : فعل مضارع مرفوع وعلامة رفعه الضمة الظاهرة على آخره,1
تعمل الممرضات في المستشفى,الممرضات : فاعل مرفوع وعلامة رفعه الضمة الظاهرة على آخره,1
تعمل الممرضات في المستشفى,في : حرف جر مبني على الفتحة,1
تعمل الممرضات في المستشفى,"المستشفى : اسم مجرور ب ""في"" وعلامة جره الكسرة المقدرة على الألف",1
الطالب المجتهد يقرأ الكتاب,الطالب : مبتدأ مرفوع وعلامة رفعه الضمة الظاهرة على آخره,1
الطالب المجتهد يقرأ الكتاب,المجتهد : نعت (صفة) مرفوع وعلامة رفعه الضمة الظاهرة على آخره,1
الطالب المجتهد يقرأ الكتاب,"يقرأ : فعل مضارع مرفوع وعلامة رفعه الضمة الظاهرة على آخره،والفاعل ضمير مستتر تقديره ""هو"" يعود على الطالب",1
الطالب المجتهد يقرأ الكتاب,الكتاب : مفعول به منصوب وعلامة نصبه الفتحة الظاهرة على آخره,1
لعبنا في فناء,لعبنا : لعب : فعل ماض مبني على السكون أو على الفتح المقدر،لاتصاله بضمير رفع متحرك,1
لعبنا في فناء,نا : ضمير رفع متصل ،مبني على السكون في محل رفع فاعل,1
لعبنا في فناء,في : حرف جر مبني على السكون لامحل له من الإعراب,1
لعبنا في فناء,فناء : اسم مجرور بفي وعلامة جره الكسرة الظاهرة على آخره,1
نحن صائمون,نحن : ضمير منفصل،مبني على الضم في محل رفع مبتدأ,1
نحن صائمون,صائمون : خبر مرفوع وعلامة رفعه الواو لأنه جمع مذكر سالم,1
هؤلاء الضوارب بكرا,هؤلاء : اسم إشارة مبني على الكسر في محل رفع مبتدأ,1
هؤلاء الضوارب بكرا,الضوارب : مبتدأ مرفوع بالضمة,1
هؤلاء الضوارب بكرا,"بكرا : مفعول به لاسم الفاعل ""الضوارب""",1
يسبح لله من في الأرض,يسبح : فعل مضارع مرفوع وعلامة رفعه الضمة الظاهرة على آخره,1
يسبح لله من في الأرض,لله : اللام : حرف جر مبني على الكسر،الله : اسم جلالة مجرور باللام وعلامة جره الكسرة الظاهرة على آخره,1
يسبح لله من في الأرض,من : اسم موصول مبني على السكون في محل رفع فاعل,1
يسبح لله من في الأرض,في : حرف جر مبني على السكون,1
يسبح لله من في الأرض,الأرض : اسم مجرور بفي،وعلامة جره الكسرة الظاهرة على آخره,1
وكان الله بكل شيء محيطا,و : حرف استئناف أو عطف,1
وكان الله بكل شيء محيطا,كان : فعل ماض ناقص مبني على الفتح,1
وكان الله بكل شيء محيطا,"الله : اسم ""كان"" مرفوع وعلامة رفعه الضمة الظاهرة على آخره",1
وكان الله بكل شيء محيطا,بكل : الباء حرف جر،كل : اسم مجرور بالباء وعلامة جره الكسرة الظاهرة على آخره، وهو مضاف,1
وكان الله بكل شيء محيطا,شيء : مضاف إليه مجرور وعلامة جره الكسرة الظاهرة على آخره,1
وكان الله بكل شيء محيطا,"محيطا : خبر ""كان"" منصوب وعلامة نصبه الفتحة الظاهرة على آخره",1
قال زيد : إن عليا ناجح,قال : فعل ماض مبني على الفتح,1
قال زيد : إن عليا ناجح,زيد : فاعل مرفوع وعلامة رفعه الضمة الظاهرة على آخره,1
قال زيد : إن عليا ناجح,إن : حرف توكيد ونصب,1
قال زيد : إن عليا ناجح,عليا : اسم إن منصوب وعلامة نصبه الفتحة الظاهرة على آخره,1
قال زيد : إن عليا ناجح,ناجح : خبر إن مرفوع وعلامة رفعه الضمة الظاهرة على آخره,1
خرج ما في الحظيرة,خرج : فعل ماض مبني على الفتح,1
خرج ما في الحظيرة,ما : اسم موصول مبني على السكون في محل رفع فاعل,1
خرج ما في الحظيرة,في : حرف جر مبني على السكون,1
خرج ما في الحظيرة,"الحظيرة : اسم مجرور ب""في""،وعلامة جره الكسرة الظاهرة على آخره",1
نام عمر باكرا,نام : فعل ماض مبني على الفتح الظاهر على آخره,1
نام عمر باكرا,عمر : فاعل مرفوع وعلامة رفعه الضمة الظاهرة على آخره,1
نام عمر باكرا,باكرا : مفعول فيه،ظرف زمان منصوب وعلامة نصبه الفتحة الظاهرة على آخره,1
القمر نوره ساطع,القمر : مبتدأ أول مرفوع وعلامة رفعه الضمة,1
القمر نوره ساطع,نوره : نور : مبتدأ ثان مرفوع وعلامة رفعه الضمة،وهو مضاف،الهاء : ضمير مبني في محل جر مضاف إليه,1
القمر نوره ساطع,ساطع : خبر المبتدأ الثاني مرفوع وعلامة رفعه الضمة,1
ما حضر إلا زيد,ما : حرف نفى مبني على السكون,1
ما حضر إلا زيد,حضر : فعل ماض مبني على الفتح,1
ما حضر إلا زيد,إلا : حرف استثناء ملغى,1
ما حضر إلا زيد,زيد : فاعل مرفوع وعلامة رفعه الضمة الظاهرة على آخره,1
لتلتمس رضا الله,لتلتمس : لـ : لام الأمر،حرف مبني على الكسر لا محل له من الإعراب,1
لتلتمس رضا الله,"تلتمس : فعل مضارع مجزوم بلام الأمر وعلامة جزمه السكون الظاهر على آخره،والفاعل ضمير مستتر وجوبا تقديره ""أنت""",1
لتلتمس رضا الله,رضا : مفعول به منصوب،وعلامة نصبه الفتحة المقدرة على آخره منع من ظهورها التعذر،وهو مضاف,1
لتلتمس رضا الله,لفظ الجلالة : الله : مضاف إليه مجرور، وعلامة جره الكسرة الظاهرة على آخره,1
رأيت الرجل ماشيا,رأيت : فعل ماض، والتاء ضمير متصل في محل رفع فاعل,1
رأيت الرجل ماشيا,الرجل : مفعول به منصوب بالفتحة,1
رأيت الرجل ماشيا,ماشيا : حال منصوب بالفتحة,1
يسعدني أن تشاركني في المسابقة,يسعدني : فعل مضارع مرفوع وعلامة رفعه الضمة الظاهرة على آخره،النون : للوقاية حرف مبني على الكسر لا محل له من الإعراب،الياء : ضمير متصل مبني على السكون في محل نصب مفعول به,1
يسعدني أن تشاركني في المسابقة,أن : حرف مصدري ونصب,1
يسعدني أن تشاركني في المسابقة,"تشاركني : فعل مضارع منصوب وعلامة نصبه الفتحة الظاهرة على آخره،والفاعل ضمير مستتر وجوبا تقديره ""أنت"" والنون للوقاية،الياء : ضمير متصل مبني على السكون في محل نصب مفعول به",1
يسعدني أن تشاركني في المسابقة,في حرف جر,1
يسعدني أن تشاركني في المسابقة,المسابقة : اسم مجرور وعلامة جره الكسرة الظاهرة على آخره,1
أعشق الجهاد فقط,"أعشق : فعل مضارع مرفوع وعلامة رفعه الضمة الظاهرة على آخره،والفاعل ضمير مستتر تقديره ""أنا""",1
أعشق الجهاد فقط,الجهاد : مفعول به منصوب وعلامة نصبه الفتحة الظاهرة على آخره,1
أعشق الجهاد فقط,فقط : حال أو ظرف بمعنى حصرا،منصوب وعلامة نصبه الفتحة الظاهرة على آخره,1
ليقض علينا ربك,ليقض : اللام : لام الأمر،حرف مبني على الكسر لا محل له من الإعراب,1
ليقض علينا ربك,يقض : فعل مضارع مجزوم بلام الأمر،وعلامة جزمه حذف حرف العلة,1
ليقض علينا ربك,علينا : على : حرف جر مبني على السكون،نا : ضمير متصل مبني على السكون في محل جر،والضمائر كلها أسماء,1
ليقض علينا ربك,ربك : رب : فاعل مرفوع وعلامة رفعه الضمة الظاهرة على آخره،وهو مضاف،الكاف : ضمير متصل مبني على الفتح في محل جر مضاف إليه,1
كيف أنت؟,كيف : اسم استفهام مبني على الفتح في محل رفع خبر مقدم,1
كيف أنت؟,أنت : ضمير منفصل مبني على الفتح في محل رفع مبتدأ مؤخر,1
سور الحديقة مرتفع,سور : مبتدأ مرفوع وعلامة رفعه الضمة الظاهرة على آخره,1
سور الحديقة مرتفع,الحديقة : مضاف إليه مجرور وعلامة جره الكسرة الظاهرة على آخره,1
سور الحديقة مرتفع,مرتفع : خبرمرفوع وعلامة رفعه الضمة الظاهرة على آخره,1
فما زلتم في شك,فما : الفاء حرف عطف،ما : نافية لا عمل لها,1
فما زلتم في شك,"زلتم : زال : فعل ماض ناقص مبني على السكون لاتصاله بضمير رفع متحرك وهو"" التاء""،التاء : ضمير متصل مبني على الضم في محل رفع اسم زال",1
فما زلتم في شك,الميم : ميم الجمع,1
فما زلتم في شك,حرف مبني على السكون,1
فما زلتم في شك,في : حرف جر,1
فما زلتم في شك,"شك : اسم مجرور بـ""في"" وعلامة جره الكسرة الظاهرة على آخره",1
خرج جميع الأطفال,خرج : فعل ماض مبني على الفتح,1
خرج جميع الأطفال,جميع : فاعل مرفوع وعلامة رفعه الضمة الظاهرة على آخره،وهو مضاف,1
خرج جميع الأطفال,الأطفال : مضاف إليه مجرور وعلامة جره الكسرة الظاهرة على آخره,1
إن الذي يلتمس رضا جميع الناس يطلب أمرا لا يمكن إداركه,إن : حرف توكيد ونصب مشبه بالفعل مبني على الفتح لا محل له من الإعراب,1
إن الذي يلتمس رضا جميع الناس يطلب أمرا لا يمكن إداركه,"الذي : اسم موصول مبني على السكون في محل نصب اسم ""إن""",1
إن الذي يلتمس رضا جميع الناس يطلب أمرا لا يمكن إداركه," يلتمس : فعل مضارع مرفوع وعلامة رفعه الضمة الظاهرة على آخره،والفاعل ضمير مستتر جوازا تقديره ""هو""",1
إن الذي يلتمس رضا جميع الناس يطلب أمرا لا يمكن إداركه,رضا : مفعول به منصوب وعلامة نصبه الفتحة المقدرة على آخره وهو مضاف,1
إن الذي يلتمس رضا جميع الناس يطلب أمرا لا يمكن إداركه,جميع : مضاف إليه مجرور وعلامة جره الكسرة الظاهرة على آخره وهو مضاف,1
إن الذي يلتمس رضا جميع الناس يطلب أمرا لا يمكن إداركه,الناس : مضاف إليه مجرور وعلامة جره الكسرة الظاهرة على آخره ,1
إن الذي يلتمس رضا جميع الناس يطلب أمرا لا يمكن إداركه," يطلب : فعل مضارع مرفوع وعلامة رفعه الضمة الظاهرة على آخره،والفاعل ضمير مستتر جوازا تقديره ""هو""، والجملة الفعلية "" يطلب "" في محل رفع خبر ""إن""",1
إن الذي يلتمس رضا جميع الناس يطلب أمرا لا يمكن إداركه,أمرا : مفعول به منصوب وعلامة نصبه الفتحة الظاهرة على آخره,1
إن الذي يلتمس رضا جميع الناس يطلب أمرا لا يمكن إداركه,"لا : حرف نفي يدخل على الأسماء, والأفعال، دون أن يؤثر في الإعراب",1
إن الذي يلتمس رضا جميع الناس يطلب أمرا لا يمكن إداركه,يمكن : فعل مضارع مرفوع وعلامة رفعه الضمة الظاهرة على آخره,1
إن الذي يلتمس رضا جميع الناس يطلب أمرا لا يمكن إداركه,إدراكه : فاعل مرفوع وعلامة رفعه الضمة الظاهرة على آخره,1
إن الذي يلتمس رضا جميع الناس يطلب أمرا لا يمكن إداركه,وهو مضاف ،الهاء : ضمير متصل مبني على الضم في محل جر بالإضافة,1
والله ليفلحن المجد,"والله : الواو : حرف قسم وجر،الله : لفظ الجلالة،اسم مجرور بحرف القسم ""الواو"" وعلامة جره الكسرة الظاهرة على آخره",1
والله ليفلحن المجد,ليفلحن : اللام : لام القسم،يفلحن : فعل مضارع مبني على الفتح لاتصاله بنون التوكيد المباشرة,1
والله ليفلحن المجد,المجد : فاعل مرفوع وعلامة رفعه الضمة الظاهرة على آخره,1
الصدق يسمو بالفرد,الصدق : مبتدأ مرفوع وعلامة رفعه الضمة الظاهرة على آخره,1
الصدق يسمو بالفرد,"يسمو : فعل مضارع مرفوع وعلامة رفعه الضمة المقدرة على الواو منع من ظهورها الثقل،والفاعل ضمير مستتر تقديره ""هو"" يعود على ""الصدق""",1
الصدق يسمو بالفرد,بالفرد : الباء حرف جر،الفرد : اسم مجرور بالباء وعلامة جره الكسرة الظاهرة على آخره,1
ظننت أنك نائم,ظننت : فعل ماض، والتاء ضمير متصل في محل رفع فاعل,1
ظننت أنك نائم,"أنك : أن حرف ناسخ،والكاف ضمير متصل في محل نصب اسم ""أن""",1
ظننت أنك نائم,"نائم : خبر ""أن"" مرفوع بالضمة",1
جاء اللذان نجحا,جاء : فعل ماض مبني على الفتح,1
جاء اللذان نجحا,اللذان : فاعل مرفوع وعلامة رفعه الألف لأنه مثنى,1
جاء اللذان نجحا,نجحا : فعل ماض مبني على الفتح،الألف : ضمير متصل مبني في محل رفع فاعل,1
أحب الفتى يبتسم,أحب : فعل مضارع مرفوع وعلامة رفعه الضمة الظاهرة على آخره،والفاعل ضمير مستتر تقديره أنا,1
أحب الفتى يبتسم,الفتى : مفعول به منصوب وعلامة نصبه الفتحة المقدرة على آخره منع من ظهورها التعذر,1
أحب الفتى يبتسم,يبتسم : فعل مضارع مرفوع وعلامة رفعه الضمة الظاهرة على آخره،والفاعل ضمير مستتر تقديره هو,1
الطالب يذاكر دروسه,الطالب : مبتدأ مرفوع وعلامة رفعه الضمة,1
الطالب يذاكر دروسه,"يذاكر : فعل مضارع،والفاعل ضمير مستتر تقديره ""هو"" عائد على الطالب",1
الطالب يذاكر دروسه,"دروسه : دروس : مفعول به منصوب وعلامة نصبه الفتحة،و""دروس"" مضاف،الهاء : ضمير متصل مبني في محل جر مضاف إليه",1
سافر أبي إلى مكة,سافر : فعل ماض مبني على الفتح,1
سافر أبي إلى مكة,أبي : فاعل مرفوع وعلامة رفعه الضمة المقدرة على ما قبل ياء المتكلم،وهو مضاف،والياء ضمير متصل في محل جر مضاف إليه,1
سافر أبي إلى مكة,إلى : حرف جر,1
سافر أبي إلى مكة,"مكة : اسم مجرور بـ ""إلى"" وعلامة جره الفتحة الظاهرة على آخره لأنه ممنوع من الصرف",1
ما أهملت واجبى قط,ما : حرف نفي مبني على السكون لا محل له من الإعراب,1
ما أهملت واجبى قط,أهملت : فعل ماض مبني على السكون لاتصاله بضمير رفع،التاء : ضمير متصل مبني على الضم في محل رفع فاعل,1
ما أهملت واجبى قط,واجبي : مفعول به منصوب وعلامة نصبه الفتحة المقدرة على ما قبل ياء المتكلم منع ظهورها اشتغال المحل بالحركة المناسبة للياء،وهو مضاف،الياء : ضمير متصل مبني على السكون في محل جر مضاف اليه,1
ما أهملت واجبى قط,"قط : مفعول فيه ظرف زمان مبني على السكون في محل نصب على الظرفية الزمانية،متعلق بالفعل ""أهمل""",1
أبوك قادم,أبوك : مبتدأ مرفوع وعلامة رفعه الواو لأنه من الأسماء الخمسة،وهو مضاف،الكاف : ضمير متصل مبني على الفتح في محل جر مضاف إليه,1
أبوك قادم,قادم : خبر مرفوع وعلامة رفعه الضمة الظاهرة على آخره,1
ذاكرت حين طلع الفجر,ذاكرت : فعل ماض مبني على السكون لاتصاله بضمير رفع،التاء : ضمير متصل مبني على الضم في محل رفع فاعل,1
ذاكرت حين طلع الفجر,"حين : مفعول فيه ظرف زمان مبني على الفتح في نصب مفعول فيه ظرف زمان متعلق بالفعل ""ذاكرت""",1
ذاكرت حين طلع الفجر,طلع : فعل ماض مبني على الفتح الظاهر على آخره,1
ذاكرت حين طلع الفجر,الفجر : فاعل مرفوع وعلامة رفعه الضمة الظاهرة,1
الطالب يذاكر ويأكل,الطالب : مبتدأ مرفوع وعلامة رفعة الضمة,1
الطالب يذاكر ويأكل,"يذاكر : فعل مضارع مرفوع وعلامة رفعه الضمة،والفاعل ضمير مستتر تقديره ""هو""",1
الطالب يذاكر ويأكل,الواو : حرف عطف,1
الطالب يذاكر ويأكل,"يأكل : فعل مضارع مرفوع وعلامة رفعه الضمة،والفاعل ضمير مستتر تقديره ""هو""",1
الطفل يلعب الكرة,الطفل : مبتدأ مرفوع،وعلامة رفعه الضمة الظاهرة على آخره,1
الطفل يلعب الكرة,"يلعب : فعل مضارع مرفوع وعلامة رفعه الضمة الظاهرة على آخره والفاعل ضمير مستتر جوازا تقديره ""هو""",1
الطفل يلعب الكرة,الكرة : مفعول به منصوب وعلامة نصبه الفتحة الظاهرة على آخره,1
تعلم عثمان حتى منتصف الليل,تعلم : فعل ماض مبني على الفتح,1
تعلم عثمان حتى منتصف الليل,عثمان : فاعل مرفوع بالضمة,1
تعلم عثمان حتى منتصف الليل,حتى : حرف جر,1
تعلم عثمان حتى منتصف الليل,منتصف : اسم مجرور بالكسرة،وهو مضاف,1
تعلم عثمان حتى منتصف الليل,الليل : مضاف إليه مجرور بالكسرة,1
رأيت طيورا تغرد,رأيت : رأى : فعل ماضي،التاء : تاء الفاعل,1
رأيت طيورا تغرد,طيورا : مفعول به منصوب وعلامة نصبه الفتحة،وهى اسم نكرة,1
رأيت طيورا تغرد,تغرد : فعل مضارع،والفاعل ضمير مستتر تقديره هي عائد على الطيور,1
الطلاب يدرسون بجد,الطلاب : مبتدأ مرفوع وعلامة رفعه الضمة الظاهرة على آخره,1
الطلاب يدرسون بجد,يدرسون : فعل مضارع مرفوع بثبوت النون لأنه من الأفعال الخمسة،والواو ضمير متصل في محل رفع فاعل,1
الطلاب يدرسون بجد,بجد : الباء : حرف جر,1
الطلاب يدرسون بجد,جد : اسم مجرور بالباء وعلامة جره الكسرة الظاهرة على آخره,1
كتبت إليه أن أرسل إلي الكتاب,كتبت : فعل ماض مبني على السكون لاتصاله بالتاء،التاء : ضمير متصل مبني على الضم في محل رفع فاعل,1
كتبت إليه أن أرسل إلي الكتاب,إليه : إلى : حرف جر,1
كتبت إليه أن أرسل إلي الكتاب,"ه : ضمير متصل مبني على الكسر في محل جر بحرف الجر ""إلى""",1
كتبت إليه أن أرسل إلي الكتاب,أن : حرف تفسير مبني على السكون لا محل له من الإعراب,1
كتبت إليه أن أرسل إلي الكتاب,"أرسل : فعل أمر مبني على السكون الظاهر،والفاعل ضمير مستتر تقديره ""أنت""",1
كتبت إليه أن أرسل إلي الكتاب,إلي : إلى : حرف جر,1
كتبت إليه أن أرسل إلي الكتاب,"ي : ضمير متصل مبني على الفتح في محل جر بحرف الجر ""إلى""",1
كتبت إليه أن أرسل إلي الكتاب,الكتاب : مفعول به منصوب وعلامة نصبه الفتحة الظاهرة على آخره,1
القاضي عادل,القاضي : مبتدأ مرفوع،وعلامة رفعه الضمة المقدرة على الياء,1
القاضي عادل,عادل : خبر مرفوع وعلامة رفعه الضمة الظاهرة على آخره,1
كان المدرس يشرح الدرس,كان : فعل ناسخ,1
كان المدرس يشرح الدرس,المدرس : اسم كان مرفوع وعلامة رفعه الضمة,1
كان المدرس يشرح الدرس,"يشرح : فعل مضارع، والفاعل ضمير مستتر تقديره ""هو"" عائد على المدرس",1
كان المدرس يشرح الدرس,الدرس : مفعول به منصوب وعلامة نصبه الفتحة,1
لعب سعيد بالكرة ​,لعب : فعل ماض مبني على الفتح الظاهر على آخره,1
لعب سعيد بالكرة ​,​سعيد : فاعل مرفوع وعلامة رفعه تنوين الضم الظاهر على آخره,1
لعب سعيد بالكرة ​,​بالكرة : الباء : حرف جر مبني على الكسر،الكرة : اسم مجرور وعلامة جره الكسرة الظاهرة على آخره,1
ننتصر ونحن يد واحدة,ننتصر : فعل مضارع مرفوع وعلامة رفعه الضمة الظاهرة على آخره،والفاعل ضمير مستتر تقديره نحن,1
ننتصر ونحن يد واحدة,الواو : واو الحال,1
ننتصر ونحن يد واحدة,نحن : ضمير منفصل مبني على الضم في محل رفع مبتدأ,1
ننتصر ونحن يد واحدة,يد : خبر المبتدأ مرفوع وعلامة رفعه تنوين الضم,1
ننتصر ونحن يد واحدة,واحدة : نعت مرفوع وعلامة رفعه تنوين الضم الظاهر على آخره,1
إن الطالب يجتهد,إن : حرف ناسخ,1
إن الطالب يجتهد,الطالب : اسم إن منصوب وعلامة نصبه الفتحة,1
إن الطالب يجتهد,"يجتهد : فعل مضارع، والفاعل ضمير مستتر تقديره ""هو"" عائد على الطالب،والجملة الفعلية من الفعل والفاعل في محل رفع خبر""إن""",1
أحب وطني,"أحب : فعل مضارع مرفوع بالضمة الظاهرة،والفاعل ضمير مستتر تقديره ""أنا""",1
أحب وطني,وطني : مفعول به منصوب بفتحة مقدرة على ما قبل الياء وهو مضاف،الياء مضاف إليه مبني على السكون في محل جر,1
خرج القطار من المحطة,خرج : فعل ماض مبني على الفتح,1
خرج القطار من المحطة,القطار : فاعل مرفوع وعلامة رفعه الضمة الظاهرة على آخره,1
خرج القطار من المحطة,من : حرف جر,1
خرج القطار من المحطة,"المحطة : اسم مجرور بـ ""من"" وعلامة جره الكسرة الظاهرة على آخره",1
جئت والشمس مشرقة,جئت : جاء : فعل ماضي،التاء : ضمير متصل مبني في محل رفع فاعل,1
جئت والشمس مشرقة, و : واو الحال,1
جئت والشمس مشرقة,الشمس : مبتدأ مرفوع وعلامة رفعه الضمة,1
جئت والشمس مشرقة,مشرقة : خبر مرفوع وعلامة رفعه الضمة,1
ظننت خالدا يذاكر دروسه,ظننت : ظن : فعل ماض مبني على السكون لاتصاله بتاء الفاعل,1
ظننت خالدا يذاكر دروسه,التاء : ضمير متصل مبني في محل رفع فاعل,1
ظننت خالدا يذاكر دروسه,خالدا : مفعول به منصوب وعلامة نصبه الفتحة,1
ظننت خالدا يذاكر دروسه,"يذاكر : فعل مضارع، والفاعل ضمير مستتر تقديره ""هو""",1
ظننت خالدا يذاكر دروسه,دروسه : دروس : مفعول به منصوب وعلامة نصبه الفتحة،الهاء : ضمير متصل مبني في حل جر مضاف إليه,1
الشمس تشرق في الصباح,الشمس : مبتدأ مرفوع وعلامة رفعه الضمة الظاهرة على آخره,1
الشمس تشرق في الصباح,"تشرق : فعل مضارع مرفوع وعلامة رفعه الضمة الظاهرة على آخره،والفاعل ضمير مستتر تقديره ""هي"" يعود على الشمس",1
الشمس تشرق في الصباح,في : حرف جر,1
الشمس تشرق في الصباح,"الصباح : اسم مجرور بـ ""في"" وعلامة جره الكسرة الظاهرة على آخره",1
حضر أخوك,حضر : فعل ماض مبني على الفتح,1
حضر أخوك,أخوك : فاعل مرفوع وعلامة رفعه الواو لأنه من الأسماء الخمسة،وهو مضاف،الكاف : ضمير متصل مبني على الفتح في محل جر مضاف إليه,1
دخل اللاعبون الملعب,دخل : فعل ماض مبني على الفتح,1
دخل اللاعبون الملعب,اللاعبون : فاعل مرفوع وعلامة رفعه الواو لأنه جمع مذكر سالم,1
دخل اللاعبون الملعب,الملعب : مفعول به منصوب وعلامة نصبه الفتحة الظاهرةعلى آخره,1
انكسرت عجلتا الدراجة,انكسرت : فعل ماض مبني على الفتح،التاء : تاء التأنيث الساكنة لا محل لها من الإعراب,1
انكسرت عجلتا الدراجة,عجلتا : فاعل مرفوع وعلامة رفعه الألف لأنه مثنى،وهو مضاف,1
انكسرت عجلتا الدراجة,الدراجة : مضاف إليه مجرور وعلامة جره الكسرة الظاهرة على آخره,1
أحب والدى دائما,"أحب : فعل مضارع مرفوع وعلامة رفعه الضمة الظاهرة، والفاعل ضمير مستتر فيه وجوبا تقديره ""أنا""",1
أحب والدى دائما,والدي : مفعول به منصوب وعلامة نصبه الفتحة المقدرة على ما قبل الياء منع من ظهورها اشتغال المحل بالحركة المناسبة للياء،وهومضاف،الياء : ضميرمتصل مبني على السكون في محل جر مضاف اليه,1
أحب والدى دائما,"دائما : مفعول فيه ظرف زمان،متعلق بالفعل ""أحب""",1
الصوم يوم الخميس,الصوم : مبتدأ مرفوع وعلامة رفعه الضمة الظاهرة على آخره,1
الصوم يوم الخميس,يوم : ظرف زمان منصوب وعلامة نصبه الفتحة الظاهرة على آخره وهو مضاف,1
الصوم يوم الخميس,الخميس : مضاف إليه مجرور وعلامة جرة الكسرة الظاهرة على آخره وشبة الجملة متعلق بمحذوف خبر في محل رفع,1
أغلقت مصراعي الباب,أغلقت : أغلق : فعل ماض مبني على السكون أو على الفتح المقدر،لاتصاله بضمير رفع متحرك,1
أغلقت مصراعي الباب,التاء : ضمير رفع متصل،مبني على الضم ،في محل رفع فاعل,1
أغلقت مصراعي الباب,مصراعي : مفعول به منصوب وعلامة نصبه الياء الساكنة المفتوح ما قبلها المكسور ما بعدها,1
أغلقت مصراعي الباب,لأنه مثنى،وهو مضاف،وحذفت النون للإضافة-مصراعين-وكسرت الياء الساكنة لتفادي التقاء الساكنين,1
أغلقت مصراعي الباب,الباب : مضاف إليه مجرور وعلامة جره الكسرة الظاهرة على آخره,1
شتان الجد والإهمال,شتان : اسم فعل ماض مبني على الفتح لا محل له من الإعراب,1
شتان الجد والإهمال,الجد : فاعل مرفوع وعلامة رفعه الضمة الظاهرة على آخره,1
شتان الجد والإهمال,الواو : حرف عطف مبني على الفتح لا محل له من الإعراب،الإهمال : معطوف على الجد مرفوع وعلامة رفعة الضمة الظاهرة على آخره,1
اقرأ كتابا ينفع,اقرأ : فعل أمر مبني على السكون الظاهر على آخره،والفاعل ضمير مستتر تقديره أنت,1
اقرأ كتابا ينفع,كتابا : مفعول به منصوب وعلامة نصبه تنوين الفتح الظاهر على آخره,1
اقرأ كتابا ينفع,ينفع : فعل مضارع مرفوع وعلامة رفعه الضمة الظاهرة على آخره،والفاعل ضمير مستتر تقديره هو,1
كتب المعلم الدرس على السبورة,كتب : فعل ماض مبني على الفتح,1
كتب المعلم الدرس على السبورة,المعلم : فاعل مرفوع وعلامة رفعه الضمة الظاهرة على آخره,1
كتب المعلم الدرس على السبورة,الدرس : مفعول به منصوب وعلامة نصبه الفتحة الظاهرة على آخره,1
كتب المعلم الدرس على السبورة,على : حرف جر,1
كتب المعلم الدرس على السبورة,"السبورة : اسم مجرور بـ ""على"" وعلامة جره الكسرة الظاهرة على آخره",1
قابلت زيدا يوم حضر,قابلت : قابل : فعل ماض مبني على السكون لاتصاله بتاء الفاعل،التاء : ضمير متصل مبني على الضم في محل رفع فاعل,1
قابلت زيدا يوم حضر,زيدا : مفعول به أول منصوب وعلامة نصبه الفتحة الظاهرة على آخره,1
قابلت زيدا يوم حضر,يوم : ظرف زمان منصوب وعلامة نصبه الفتحة الظاهرة على آخره،وهو مضاف,1
قابلت زيدا يوم حضر,"حضر : فعل ماض مبني على الفتحة الظاهرة على آخره،والفاعل ضمير مستتر تقديره ""هو""",1
هذا كتاب ينفع,هذا : اسم إشارة مبني في محل رفع مبتدأ,1
هذا كتاب ينفع,كتاب : خبر المبتدأ مرفوع وعلامة رفعه تنوين الضم,1
هذا كتاب ينفع,ينفع : فعل مضارع مرفوع وعلامة رفعه الضمة الظاهرة على آخره،والفاعل ضمير مستتر تقديره هو,1
كاد النهار يمضي,كاد : فعل ماض ناقص من أفعال المقاربة مبني على الفتحة الظاهرة على آخره,1
كاد النهار يمضي,النهار : اسم كاد مرفوع وعلامة رفعه الضمة الظاهرة على آخره,1
كاد النهار يمضي,يمضي : فعل مضارع مرفوع وعلامة رفعه الضمة المقدرة على آخره منع من ظهورها الثقل،والفاعل ضمير مستتر تقديره هو,1
استحالت النار رمادا,استحالت فعل ماض مبني على الفتح،التاء : للتأنيث حرف مبني على السكون لا محل له من الإعراب,1
استحالت النار رمادا,النار : اسم استحال مرفوع وعلامة رفعة الضمة الظاهرة على آخره,1
استحالت النار رمادا,رمادا : خبر استحال منصوب وعلامة نصبة الفتحة الظاهرة على آخره,1
رأيت الطلاب يذاكرون دروسهم,رأيت : رأى : فعل ماضي،التاء : تاء الفاعل,1
رأيت الطلاب يذاكرون دروسهم,الطلاب : مفعول به منصوب وعلامة نصبه الفتحة,1
رأيت الطلاب يذاكرون دروسهم,يذاكرون : فعل مضارع مرفوع بثبوت النون لأنه من الأفعال الخمسة،الواو : ضمير متصل مبني في محل رفع فاعل,1
رأيت الطلاب يذاكرون دروسهم,دروسهم : دروس : مفعول به منصوب وعلامة نصبه الفتحة، : هم : ضمير متصل مبني في محل جر مضاف إليه,1
زيد يدرس الطب,زيد : مبتدأ مرفوع وعلامة رفعه الضمة الظاهرة على آخره,1
زيد يدرس الطب,يدرس : فعل مضارع مرفوع وعلامة رفعه الضمة الظاهرة على آخره,1
زيد يدرس الطب,"والفاعل ضمير مستتر تقديره ""هو""",1
زيد يدرس الطب,الطب : مفعول به منصوب وعلامة نصبه الفتحة الظاهرة على آخره,1
ما قطف الفلاح الفواكه إلا العنب,ما : حرف نفي مبني على السكون لا محل له من الإعراب,1
ما قطف الفلاح الفواكه إلا العنب,قطف : فعل ماض مبني على الفتح،لا محل له من الإعراب,1
ما قطف الفلاح الفواكه إلا العنب,الفلاح : فاعل مرفوع،وعلامة رفعه الضمة الظاهرة على آخره,1
ما قطف الفلاح الفواكه إلا العنب,الفواكه : مفعول به منصوب وعلامة نصبه الفتحة الظاهرة على آخره,1
ما قطف الفلاح الفواكه إلا العنب,إلا : حرف استثناء مبني على السكون لا محل له من الإعراب,1
ما قطف الفلاح الفواكه إلا العنب,"العنب : مستثنى ب""إلا"" منصوب، وعلامة نصبه الفتحة الظاهرة على آخره",1
الأولاد يلعبون في الحديقة,الأولاد : مبتدأ مرفوع وعلامة رفعه الضمة الظاهرة على آخره,1
الأولاد يلعبون في الحديقة,يلعبون : فعل مضارع مرفوع بثبوت النون لأنه من الأفعال الخمسة،والواو ضمير متصل في محل رفع فاعل,1
الأولاد يلعبون في الحديقة,في : حرف جر,1
الأولاد يلعبون في الحديقة,"الحديقة : اسم مجرور بـ ""في"" وعلامة جره الكسرة الظاهرة على آخره",1
دائما أحب والدى,دائما : مفعول فيه ظرف زمان، متعلق بالفعل أحب,1
دائما أحب والدى,"أحب : فعل مضارع مرفوع وعلامة رفعه الضمة الظاهرة، والفاعل ضمير مستتر فيه وجوبا تقديره ""أنا""",1
دائما أحب والدى,والدي : مفعول به منصوب وعلامة نصبه الفتحة المقدرة على ما قبل الياء منع من ظهورها اشتغال المحل بالحركة المناسبة للياء،وهومضاف،الياء : ضميرمتصل مبني على السكون في محل جر مضاف اليه,1
قال الطالب : أنا ناجح,قال : خبر إن مرفوع وعلامة رفعه الضمة,0
قال الطالب : أنا ناجح,الطالب : نائب فاعل مجرور وعلامة جره الكسرة,0
قال الطالب : أنا ناجح,أنا : حال منصوب وعلامة نصبه الفتحة,0
قال الطالب : أنا ناجح,ناجح : اسم كان مبني على الضم,0
المرضى نائمون,المرضى : منادى مجزوم وعلامة جزمه السكون,0
المرضى نائمون,نائمون : اسم موصول مرفوع وعلامة رفعه الواو,0
الطائر يطير في السماء,الطائر : حال مبني على الضم,0
الطائر يطير في السماء,يطير : مستثنى منصوب وعلامة نصبه حذف النون,0
الطائر يطير في السماء,في : بدل منصوب وعلامة نصبه الكسرة,0
الطائر يطير في السماء,السماء : منادى مجرور وعلامة جره الكسرة,0
الذي يفوز فله جائزة,الذي : حرف جر منصوب وعلامة نصبه الكسرة,0
الذي يفوز فله جائزة,يفوز : نعت مجرور وعلامة جره الكسرة,0
الذي يفوز فله جائزة,الفاعل : مفعول به مجرور وعلامة جره الكسرة,0
الذي يفوز فله جائزة,فله : ظرف زمان مجزوم وعلامة جزمه السكون,0
الذي يفوز فله جائزة,جائزة : عطف بيان مجرور وعلامة جره الفتحة,0
إن العلم طريقه طويلة,إن : تمييز مرفوع وعلامة رفعه ثبوت النون,0
إن العلم طريقه طويلة,العلم : مستثنى مرفوع وعلامة رفعه ثبوت النون,0
إن العلم طريقه طويلة,طريقه : ظرف زمان مبني على الكسر,0
إن العلم طريقه طويلة,طويلة : حرف عطف مبني على الكسر,0
قال الطالب : أنا مجد,قال : منادى منصوب وعلامة نصبه الفتحة,0
قال الطالب : أنا مجد,الطالب : مفعول فيه منصوب وعلامة نصبه الياء,0
قال الطالب : أنا مجد,أنا : ظرف زمان منصوب وعلامة نصبه الفتحة,0
قال الطالب : أنا مجد,مجد : توكيد مجرور وعلامة جره الياء,0
رأيتها حين جاءت,رأيتها : خبر إن مجرور وعلامة جره الكسرة,0
رأيتها حين جاءت,حين : عطف بيان مجرور وعلامة جره الكسرة,0
رأيتها حين جاءت,جاءت : اسم كان مجرور وعلامة جره الفتحة,0
الطالبان مجدان,الطالبان : اسم كان مرفوع وعلامة رفعه الواو,0
الطالبان مجدان,مجدان : مستثنى منصوب وعلامة نصبه الألف,0
وإن عليكم لحافظين,إن : مفعول مطلق مجزوم وعلامة جزمه حذف حرف العلة,0
وإن عليكم لحافظين,ينصب المبتدأ ويرفع الخبر،مبني على الفتح،لا محل له من الإعراب : خبر إن مبني الفتح,0
وإن عليكم لحافظين,عليكم : اسم كان مجرور وعلامة جره الكسرة,0
وإن عليكم لحافظين,على : حال مرفوع وعلامة رفعه الألف,0
وإن عليكم لحافظين,كم : توكيد مجرور وعلامة جره الكسرة,0
وإن عليكم لحافظين,لحافظين : مفعول به مبني على الكسر,0
ابتعد عن قرين السوء,ابتعد : مفعول به مجزوم وعلامة جزمه حذف حرف العلة,0
ابتعد عن قرين السوء,عن : خبر إن مجزوم وعلامة جزمه السكون,0
ابتعد عن قرين السوء,قرين : تمييز منصوب وعلامة نصبه الألف,0
ابتعد عن قرين السوء,وهو مضاف : نائب فاعل مبني على الكسر,0
ابتعد عن قرين السوء,السوء : نائب فاعل مبني على السكون,0
فهمت الدرس,فهمت : منادى مجزوم وعلامة جزمه حذف حرف العلة,0
فهمت الدرس,الدرس : حال منصوب وعلامة نصبه حذف النون,0
جاء الذي كتب,جاء : مفعول لأجله مرفوع وعلامة رفعه الضمة,0
جاء الذي كتب,الذي : اسم مجرور مرفوع وعلامة رفعه الواو,0
جاء الذي كتب,كتب : خبر إن منصوب وعلامة نصبه الكسرة,0
دخل الولد إلى الصف,دخل : اسم إن مرفوع وعلامة رفعه ثبوت النون,0
دخل الولد إلى الصف,​الولد : توكيد مبني على السكون,0
دخل الولد إلى الصف,​إلى : مفعول معه مجرور وعلامة جره الفتحة,0
دخل الولد إلى الصف,​الصف : اسم مجرور مرفوع وعلامة رفعه الضمة,0
دخل الولد إلى الصف,​ : اسم كان مبني على الكسر,0
نحن المسلمين موحدون,نحن : حرف جر مجرور وعلامة جره الكسرة,0
نحن المسلمين موحدون,المسلمين : مضاف إليه مجزوم وعلامة جزمه السكون,0
نحن المسلمين موحدون,موحدون : مفعول مطلق مرفوع وعلامة رفعه الألف,0
هذا لئيم,هذا : مفعول معه منصوب وعلامة نصبه حذف النون,0
هذا لئيم,لئيم : مبتدأ مجرور وعلامة جره الفتحة,0
أذنا الحصان صغيرتان,أذنا : مفعول معه مبني على الفتح,0
أذنا الحصان صغيرتان,الحصان : خبر مجرور وعلامة جره الكسرة,0
أذنا الحصان صغيرتان,صغيرتان : مستثنى مبني على الضم,0
أي طالب جاء؟,أي : اسم إن مجرور وعلامة جره الياء,0
أي طالب جاء؟,طالب : اسم موصول مرفوع وعلامة رفعه الألف,0
أي طالب جاء؟,جاء : حرف عطف مجرور وعلامة جره الكسرة,0
أيها الطالب اهتم بدراستك,أيها : مفعول فيه منصوب وعلامة نصبه حذف النون,0
أيها الطالب اهتم بدراستك,"أداة النداء محذوفة تقديرها""يا""،ها : ظرف زمان مرفوع وعلامة رفعه ثبوت النون",0
أيها الطالب اهتم بدراستك,الطالب : حرف عطف مرفوع وعلامة رفعه الواو,0
أيها الطالب اهتم بدراستك,اهتم : خبر مجزوم وعلامة جزمه حذف النون,0
أيها الطالب اهتم بدراستك,بدراستك : فاعل مجرور وعلامة جره الفتحة,0
أيها الطالب اهتم بدراستك,دراستك : اسم مجرور مبني على السكون,0
رأيت القمر في السماء,رأيت : مفعول به مبني على الفتح,0
رأيت القمر في السماء,القمر : خبر كان مجرور وعلامة جره الياء,0
رأيت القمر في السماء,في : اسم كان مجرور وعلامة جره الياء,0
رأيت القمر في السماء,السماء : مفعول معه مجزوم وعلامة جزمه السكون,0
رأيت زيدا كتابه في يده,رأيت : حال منصوب وعلامة نصبه الفتحة,0
رأيت زيدا كتابه في يده,التاء : نعت مرفوع وعلامة رفعه الواو,0
رأيت زيدا كتابه في يده,زيدا : منادى منصوب وعلامة نصبه الفتحة,0
رأيت زيدا كتابه في يده,كتابه : ظرف زمان مرفوع وعلامة رفعه الواو,0
رأيت زيدا كتابه في يده,في يده : ظرف زمان مرفوع وعلامة رفعه الألف,0
كل من تلقاه يشكو دهره,كل : ظرف زمان مبني على الفتح,0
كل من تلقاه يشكو دهره,من : تمييز مجزوم وعلامة جزمه السكون,0
كل من تلقاه يشكو دهره,تلقاه : مستثنى منصوب وعلامة نصبه حذف النون,0
كل من تلقاه يشكو دهره,هاء : منادى مجزوم وعلامة جزمه السكون,0
كل من تلقاه يشكو دهره,يشكو : حرف توكيد ونصب مجزوم وعلامة جزمه حذف العلة,0
كل من تلقاه يشكو دهره,دهره : مفعول به مرفوع وعلامة رفعه الضمة,0
كل من تلقاه يشكو دهره,هاء : اسم كان مجزوم وعلامة جزمه حذف حرف العلة,0
أصادق قول علي,أصادق : بدل مجزوم وعلامة جزمه حذف حرف العلة,0
أصادق قول علي,قول : اسم مجرور مرفوع وعلامة رفعه الضمة,0
أصادق قول علي,علي : مفعول فيه مجزوم وعلامة جزمه حذف النون,0
هذان الضاربان زيدا,هذان : نعت مرفوع وعلامة رفعه الواو,0
هذان الضاربان زيدا,الضاربان : مفعول به منصوب وعلامة نصبه حذف النون,0
هذان الضاربان زيدا,زيدا : مفعول مطلق منصوب وعلامة نصبه الكسرة,0
وأنطقت الدراهم بعد صمت أناسا بعدما كانوا سكوتا,و : فاعل مجرور وعلامة جره الياء,0
وأنطقت الدراهم بعد صمت أناسا بعدما كانوا سكوتا,أنطقت : حال مرفوع وعلامة رفعه ثبوت النون,0
وأنطقت الدراهم بعد صمت أناسا بعدما كانوا سكوتا,الدراهم : حرف توكيد ونصب مبني على الضم,0
وأنطقت الدراهم بعد صمت أناسا بعدما كانوا سكوتا,بعد : مفعول فيه مبني على الضم,0
وأنطقت الدراهم بعد صمت أناسا بعدما كانوا سكوتا,صمت : ظرف زمان منصوب وعلامة نصبه الألف,0
وأنطقت الدراهم بعد صمت أناسا بعدما كانوا سكوتا,أناسا : بدل مجزوم وعلامة جزمه حذف حرف العلة,0
وأنطقت الدراهم بعد صمت أناسا بعدما كانوا سكوتا,بعدما : مفعول به مجزوم وعلامة جزمه السكون,0
وأنطقت الدراهم بعد صمت أناسا بعدما كانوا سكوتا,كانوا : فاعل مجزوم وعلامة جزمه السكون,0
وأنطقت الدراهم بعد صمت أناسا بعدما كانوا سكوتا,سكوتا : توكيد مجرور وعلامة جره الياء,0
الكريم محبوب,الكريم : مضاف إليه مجزوم وعلامة جزمه حذف النون,0
الكريم محبوب,محبوب : نائب فاعل مبني على السكون,0
وصل غاضبا,وصل : خبر منصوب وعلامة نصبه الياء,0
وصل غاضبا,غاضبا : مفعول به مرفوع وعلامة رفعه الضمة,0
و إن الساعة لآتية,إن : نائب فاعل مجرور وعلامة جره الكسرة,0
و إن الساعة لآتية,ينصب المبتدأ ويرفع الخبر،مبني على الفتح،لا محل له من الإعراب : مفعول فيه مبني السكون,0
و إن الساعة لآتية,الساعة : مفعول معه مبني على الفتح,0
و إن الساعة لآتية,لآتية : مفعول فيه مبني على الضم,0
المجتهد ينجح,المجتهد : اسم مجرور منصوب وعلامة نصبه الفتحة,0
المجتهد ينجح,ينجح : اسم إن مرفوع وعلامة رفعه الواو,0
يسعدني أن تصدق,يسعدني : توكيد مرفوع وعلامة رفعه الواو,0
يسعدني أن تصدق,أن : منادى مبني على الضم,0
يسعدني أن تصدق,تصدق : اسم إن مرفوع وعلامة رفعه ثبوت النون,0
إن تذاكر فستنجح,إن : اسم كان مبني على الكسر,0
إن تذاكر فستنجح,تذاكر : تمييز منصوب وعلامة نصبه الياء,0
إن تذاكر فستنجح,فستنجح : حال مجرور وعلامة جره الياء,0
قرأ أحمد الكتاب بسرعة,قرأ : خبر مجرور وعلامة جره الياء,0
قرأ أحمد الكتاب بسرعة,أحمد : نعت مرفوع وعلامة رفعه الضمة,0
قرأ أحمد الكتاب بسرعة,الكتاب : مفعول مطلق مبني على الضم,0
قرأ أحمد الكتاب بسرعة,بسرعة : ظرف زمان مبني على الفتح,0
قرأ أحمد الكتاب بسرعة,سرعة : مفعول معه مجرور وعلامة جره الكسرة,0
فهم الولدان الأمر,فهم : عطف بيان مرفوع وعلامة رفعه الواو,0
فهم الولدان الأمر,الولدان : عطف بيان مجرور وعلامة جره الكسرة,0
فهم الولدان الأمر,الأمر : مفعول مطلق مبني على الكسر,0
تعمل الممرضات في المستشفى,تعمل : اسم إن مبني على الضم,0
تعمل الممرضات في المستشفى,الممرضات : اسم كان مبني على الكسر,0
تعمل الممرضات في المستشفى,في : اسم كان مرفوع وعلامة رفعه الواو,0
تعمل الممرضات في المستشفى,المستشفى : تمييز مرفوع وعلامة رفعه الضمة,0
الطالب المجتهد يقرأ الكتاب,الطالب : نائب فاعل مبني على الفتح,0
الطالب المجتهد يقرأ الكتاب,المجتهد : تمييز مجرور وعلامة جره الفتحة,0
الطالب المجتهد يقرأ الكتاب,يقرأ : مفعول به مجرور وعلامة جره الكسرة,0
الطالب المجتهد يقرأ الكتاب,الكتاب : اسم كان مجرور وعلامة جره الفتحة,0
لعبنا في فناء,لعبنا : مفعول لأجله مجرور وعلامة جره الكسرة,0
لعبنا في فناء,نا : ظرف زمان مجزوم وعلامة جزمه حذف حرف العلة,0
لعبنا في فناء,في : مفعول فيه مرفوع وعلامة رفعه الألف,0
لعبنا في فناء,فناء : حرف جر منصوب وعلامة نصبه الياء,0
نحن صائمون,نحن : فاعل مجزوم وعلامة جزمه حذف النون,0
نحن صائمون,صائمون : خبر كان مجزوم وعلامة جزمه حذف النون,0
هؤلاء الضوارب بكرا,هؤلاء : اسم موصول مرفوع وعلامة رفعه الضمة,0
هؤلاء الضوارب بكرا,الضوارب : خبر كان منصوب وعلامة نصبه حذف النون,0
هؤلاء الضوارب بكرا,بكرا : مفعول فيه مجرور وعلامة جره الفتحة,0
يسبح لله من في الأرض,يسبح : مستثنى منصوب وعلامة نصبه الكسرة,0
يسبح لله من في الأرض,لله : خبر مرفوع وعلامة رفعه الألف,0
يسبح لله من في الأرض,من : عطف بيان مرفوع وعلامة رفعه الألف,0
يسبح لله من في الأرض,في : مفعول به منصوب وعلامة نصبه الفتحة,0
يسبح لله من في الأرض,الأرض : عطف بيان مبني على السكون,0
وكان الله بكل شيء محيطا,و : اسم إن منصوب وعلامة نصبه الألف,0
وكان الله بكل شيء محيطا,كان : اسم مجرور منصوب وعلامة نصبه الألف,0
وكان الله بكل شيء محيطا,الله : بدل مرفوع وعلامة رفعه الواو,0
وكان الله بكل شيء محيطا,بكل : نائب فاعل مجرور وعلامة جره الياء,0
وكان الله بكل شيء محيطا,شيء : حرف توكيد ونصب منصوب وعلامة نصبه الياء,0
وكان الله بكل شيء محيطا,محيطا : فاعل مرفوع وعلامة رفعه ثبوت النون,0
قال زيد : إن عليا ناجح,قال : اسم مجرور مرفوع وعلامة رفعه ثبوت النون,0
قال زيد : إن عليا ناجح,زيد : حال منصوب وعلامة نصبه الكسرة,0
قال زيد : إن عليا ناجح,إن : عطف بيان مجرور وعلامة جره الكسرة,0
قال زيد : إن عليا ناجح,عليا : حال مرفوع وعلامة رفعه الواو,0
قال زيد : إن عليا ناجح,ناجح : توكيد مجرور وعلامة جره الياء,0
خرج ما في الحظيرة,خرج : اسم مجرور مرفوع وعلامة رفعه الألف,0
خرج ما في الحظيرة,ما : عطف بيان مبني على السكون,0
خرج ما في الحظيرة,في : اسم كان مبني على الكسر,0
خرج ما في الحظيرة,الحظيرة : اسم موصول مرفوع وعلامة رفعه الألف,0
نام عمر باكرا,نام : فاعل مبني على الكسر,0
نام عمر باكرا,عمر : مفعول فيه مرفوع وعلامة رفعه ثبوت النون,0
نام عمر باكرا,باكرا : عطف بيان مجرور وعلامة جره الياء,0
القمر نوره ساطع,القمر : اسم إن مبني على الضم,0
القمر نوره ساطع,نوره : توكيد مبني على الفتح,0
القمر نوره ساطع,ساطع : تمييز مرفوع وعلامة رفعه ثبوت النون,0
ما حضر إلا زيد,ما : اسم موصول مبني على الفتح,0
ما حضر إلا زيد,حضر : عطف بيان مجزوم وعلامة جزمه السكون,0
ما حضر إلا زيد,إلا : اسم كان مجرور وعلامة جره الفتحة,0
ما حضر إلا زيد,زيد : نعت مرفوع وعلامة رفعه الألف,0
لتلتمس رضا الله,لتلتمس : مفعول معه مجرور وعلامة جره الفتحة,0
لتلتمس رضا الله,تلتمس : بدل مجرور وعلامة جره الياء,0
لتلتمس رضا الله,رضا : خبر كان مجرور وعلامة جره الفتحة,0
لتلتمس رضا الله,لفظ الجلالة : خبر منصوب وعلامة نصبه الكسرة,0
رأيت الرجل ماشيا,رأيت : اسم كان مجزوم وعلامة جزمه حذف النون,0
رأيت الرجل ماشيا,الرجل : نائب فاعل منصوب وعلامة نصبه حذف النون,0
رأيت الرجل ماشيا,ماشيا : منادى مجرور وعلامة جره الياء,0
يسعدني أن تشاركني في المسابقة,يسعدني : مستثنى مرفوع وعلامة رفعه الألف,0
يسعدني أن تشاركني في المسابقة,أن : مضاف إليه منصوب وعلامة نصبه الكسرة,0
يسعدني أن تشاركني في المسابقة,تشاركني : حرف توكيد ونصب مبني على الكسر,0
يسعدني أن تشاركني في المسابقة,في حرف جر : مفعول مطلق مجزوم وعلامة جزمه حذف العلة,0
يسعدني أن تشاركني في المسابقة,المسابقة : اسم كان منصوب وعلامة نصبه حذف النون,0
أعشق الجهاد فقط,أعشق : مفعول لأجله منصوب وعلامة نصبه الفتحة,0
أعشق الجهاد فقط,الجهاد : مضاف إليه مبني على الكسر,0
أعشق الجهاد فقط,فقط : ظرف زمان منصوب وعلامة نصبه الياء,0
ليقض علينا ربك,ليقض : حال منصوب وعلامة نصبه الألف,0
ليقض علينا ربك,يقض : اسم موصول مرفوع وعلامة رفعه الواو,0
ليقض علينا ربك,علينا : مفعول لأجله مبني على الضم,0
ليقض علينا ربك,ربك : مفعول مطلق مجزوم وعلامة جزمه حذف النون,0
كيف أنت؟,كيف : منادى منصوب وعلامة نصبه الكسرة,0
كيف أنت؟,أنت : مفعول لأجله مجزوم وعلامة جزمه السكون,0
سور الحديقة مرتفع,سور : خبر مرفوع وعلامة رفعه الضمة,0
سور الحديقة مرتفع,الحديقة : حرف جر مجزوم وعلامة جزمه السكون,0
سور الحديقة مرتفع,مرتفع : فاعل مبني على السكون,0
فما زلتم في شك,فما : مفعول فيه مبني على الفتح,0
فما زلتم في شك,زلتم : اسم مجرور مرفوع وعلامة رفعه ثبوت النون,0
فما زلتم في شك,الميم : خبر مجزوم وعلامة جزمه حذف النون,0
فما زلتم في شك,حرف مبني على السكون : مفعول معه الكسر,0
فما زلتم في شك,في : حرف جر مجزوم وعلامة جزمه حذف النون,0
فما زلتم في شك,شك : حرف عطف مبني على السكون,0
خرج جميع الأطفال,خرج : حرف عطف مبني على السكون,0
خرج جميع الأطفال,جميع : فاعل مجزوم وعلامة جزمه حذف حرف العلة,0
خرج جميع الأطفال,الأطفال : تمييز منصوب وعلامة نصبه الياء,0
إن الذي يلتمس رضا جميع الناس يطلب أمرا لا يمكن إداركه,إن : حرف جر مبني على السكون,0
إن الذي يلتمس رضا جميع الناس يطلب أمرا لا يمكن إداركه,الذي : خبر إن منصوب وعلامة نصبه الياء,0
إن الذي يلتمس رضا جميع الناس يطلب أمرا لا يمكن إداركه,يلتمس : مفعول مطلق مرفوع وعلامة رفعه الألف,0
إن الذي يلتمس رضا جميع الناس يطلب أمرا لا يمكن إداركه,رضا : حال مجرور وعلامة جره الياء,0
إن الذي يلتمس رضا جميع الناس يطلب أمرا لا يمكن إداركه,جميع : نعت مبني على الضم,0
إن الذي يلتمس رضا جميع الناس يطلب أمرا لا يمكن إداركه,الناس : خبر منصوب وعلامة نصبه الألف,0
إن الذي يلتمس رضا جميع الناس يطلب أمرا لا يمكن إداركه,يطلب : توكيد منصوب وعلامة نصبه الألف,0
إن الذي يلتمس رضا جميع الناس يطلب أمرا لا يمكن إداركه,أمرا : ظرف زمان مجزوم وعلامة جزمه حذف حرف العلة,0
إن الذي يلتمس رضا جميع الناس يطلب أمرا لا يمكن إداركه,لا : نعت مبني على السكون,0
إن الذي يلتمس رضا جميع الناس يطلب أمرا لا يمكن إداركه,يمكن : بدل مرفوع وعلامة رفعه الواو,0
إن الذي يلتمس رضا جميع الناس يطلب أمرا لا يمكن إداركه,إدراكه : حرف عطف مجزوم وعلامة جزمه حذف العلة,0
إن الذي يلتمس رضا جميع الناس يطلب أمرا لا يمكن إداركه,وهو مضاف ،الهاء : حرف جر مبني على الضم,0
والله ليفلحن المجد,والله : اسم مجرور مبني على السكون,0
والله ليفلحن المجد,ليفلحن : مفعول لأجله مرفوع وعلامة رفعه الألف,0
والله ليفلحن المجد,المجد : مضاف إليه مجزوم وعلامة جزمه حذف حرف العلة,0
الصدق يسمو بالفرد,الصدق : مستثنى مبني على الفتح,0
الصدق يسمو بالفرد,يسمو : مفعول لأجله منصوب وعلامة نصبه الياء,0
الصدق يسمو بالفرد,بالفرد : بدل مجزوم وعلامة جزمه السكون,0
ظننت أنك نائم,ظننت : توكيد مجرور وعلامة جره الفتحة,0
ظننت أنك نائم,أنك : اسم كان مجزوم وعلامة جزمه حذف النون,0
ظننت أنك نائم,نائم : فاعل مجزوم وعلامة جزمه السكون,0
جاء اللذان نجحا,جاء : اسم إن مبني على الضم,0
جاء اللذان نجحا,اللذان : توكيد مبني على الضم,0
جاء اللذان نجحا,نجحا : ظرف زمان مجزوم وعلامة جزمه السكون,0
أحب الفتى يبتسم,أحب : اسم مجرور مجزوم وعلامة جزمه السكون,0
أحب الفتى يبتسم,الفتى : مفعول فيه مجرور وعلامة جره الياء,0
أحب الفتى يبتسم,يبتسم : نعت منصوب وعلامة نصبه الكسرة,0
الطالب يذاكر دروسه,الطالب : نعت مجرور وعلامة جره الياء,0
الطالب يذاكر دروسه,يذاكر : تمييز مجزوم وعلامة جزمه حذف حرف العلة,0
الطالب يذاكر دروسه,دروسه : حرف عطف مرفوع وعلامة رفعه ثبوت النون,0
سافر أبي إلى مكة,سافر : اسم موصول مبني على الضم,0
سافر أبي إلى مكة,أبي : عطف بيان منصوب وعلامة نصبه الفتحة,0
سافر أبي إلى مكة,إلى : حرف جر مرفوع وعلامة رفعه الضمة,0
سافر أبي إلى مكة,مكة : حال منصوب وعلامة نصبه الفتحة,0
ما أهملت واجبى قط,ما : اسم إن منصوب وعلامة نصبه الألف,0
ما أهملت واجبى قط,أهملت : خبر مجزوم وعلامة جزمه حذف النون,0
ما أهملت واجبى قط,واجبي : مبتدأ مبني على الفتح,0
ما أهملت واجبى قط,قط : مفعول مطلق مجرور وعلامة جره الياء,0
أبوك قادم,أبوك : فاعل مبني على الضم,0
أبوك قادم,قادم : حرف جر منصوب وعلامة نصبه الياء,0
ذاكرت حين طلع الفجر,ذاكرت : مبتدأ مبني على الضم,0
ذاكرت حين طلع الفجر,حين : مضاف إليه مبني على السكون,0
ذاكرت حين طلع الفجر,طلع : توكيد منصوب وعلامة نصبه الفتحة,0
ذاكرت حين طلع الفجر,الفجر : منادى منصوب وعلامة نصبه الفتحة,0
الطالب يذاكر ويأكل,الطالب : خبر كان مجرور وعلامة جره الفتحة,0
الطالب يذاكر ويأكل,يذاكر : اسم إن مرفوع وعلامة رفعه الضمة,0
الطالب يذاكر ويأكل,الواو : عطف بيان مبني على السكون,0
الطالب يذاكر ويأكل,يأكل : اسم كان مجرور وعلامة جره الكسرة,0
الطفل يلعب الكرة,الطفل : مفعول معه مجرور وعلامة جره الكسرة,0
الطفل يلعب الكرة,يلعب : اسم مجرور مجزوم وعلامة جزمه حذف حرف العلة,0
الطفل يلعب الكرة,الكرة : مبتدأ مجزوم وعلامة جزمه حذف حرف العلة,0
تعلم عثمان حتى منتصف الليل,تعلم : خبر إن مجزوم وعلامة جزمه حذف النون,0
تعلم عثمان حتى منتصف الليل,عثمان : خبر مجزوم وعلامة جزمه السكون,0
تعلم عثمان حتى منتصف الليل,حتى : نائب فاعل مبني على الكسر,0
تعلم عثمان حتى منتصف الليل,منتصف : اسم إن مبني على السكون,0
تعلم عثمان حتى منتصف الليل,الليل : مفعول مطلق مجزوم وعلامة جزمه حذف النون,0
رأيت طيورا تغرد,رأيت : منادى مجرور وعلامة جره الياء,0
رأيت طيورا تغرد,طيورا : اسم مجرور منصوب وعلامة نصبه الفتحة,0
رأيت طيورا تغرد,تغرد : تمييز مجزوم وعلامة جزمه السكون,0
الطلاب يدرسون بجد,الطلاب : حرف جر مجزوم وعلامة جزمه حذف النون,0
الطلاب يدرسون بجد,يدرسون : اسم إن مجزوم وعلامة جزمه حذف حرف العلة,0
الطلاب يدرسون بجد,بجد : اسم موصول مجزوم وعلامة جزمه حذف حرف العلة,0
الطلاب يدرسون بجد,جد : فاعل مجزوم وعلامة جزمه السكون,0
كتبت إليه أن أرسل إلي الكتاب,كتبت : عطف بيان مجرور وعلامة جره الياء,0
كتبت إليه أن أرسل إلي الكتاب,إليه : تمييز مبني على الكسر,0
كتبت إليه أن أرسل إلي الكتاب,ه : مستثنى مرفوع وعلامة رفعه الواو,0
كتبت إليه أن أرسل إلي الكتاب,أن : ظرف زمان منصوب وعلامة نصبه الكسرة,0
كتبت إليه أن أرسل إلي الكتاب,أرسل : مفعول لأجله مبني على الفتح,0
كتبت إليه أن أرسل إلي الكتاب,إلي : خبر كان مجزوم وعلامة جزمه حذف النون,0
كتبت إليه أن أرسل إلي الكتاب,ي : خبر كان مجزوم وعلامة جزمه حذف حرف العلة,0
كتبت إليه أن أرسل إلي الكتاب,الكتاب : حرف توكيد ونصب مرفوع وعلامة رفعه الضمة,0
القاضي عادل,القاضي : مضاف إليه منصوب وعلامة نصبه الكسرة,0
القاضي عادل,عادل : خبر كان منصوب وعلامة نصبه الياء,0
كان المدرس يشرح الدرس,كان : اسم مبني على الكسر,0
كان المدرس يشرح الدرس,المدرس : مفعول لأجله مبني على الكسر,0
كان المدرس يشرح الدرس,يشرح : بدل مبني على الكسر,0
كان المدرس يشرح الدرس,الدرس : عطف بيان مجزوم وعلامة جزمه حذف حرف العلة,0
لعب سعيد بالكرة ​,لعب : مضاف إليه مجرور وعلامة جره الكسرة,0
لعب سعيد بالكرة ​,​سعيد : مبتدأ منصوب وعلامة نصبه الياء,0
لعب سعيد بالكرة ​,​بالكرة : مبتدأ مبني على الفتح,0
ننتصر ونحن يد واحدة,ننتصر : مفعول به منصوب وعلامة نصبه الكسرة,0
ننتصر ونحن يد واحدة,الواو : تمييز مبني على الكسر,0
ننتصر ونحن يد واحدة,نحن : مبتدأ منصوب وعلامة نصبه الياء,0
ننتصر ونحن يد واحدة,يد : حال مجرور وعلامة جره الكسرة,0
ننتصر ونحن يد واحدة,واحدة : مضاف إليه مرفوع وعلامة رفعه الواو,0
إن الطالب يجتهد,إن : تمييز مرفوع وعلامة رفعه الضمة,0
إن الطالب يجتهد,الطالب : مستثنى مجرور وعلامة جره الفتحة,0
إن الطالب يجتهد,يجتهد : خبر مجزوم وعلامة جزمه السكون,0
أحب وطني,أحب : اسم مجرور مرفوع وعلامة رفعه الألف,0
أحب وطني,وطني : مفعول لأجله مجزوم وعلامة جزمه حذف حرف العلة,0
خرج القطار من المحطة,خرج : نعت منصوب وعلامة نصبه الفتحة,0
خرج القطار من المحطة,القطار : تمييز مجزوم وعلامة جزمه السكون,0
خرج القطار من المحطة,من : حرف عطف مرفوع وعلامة رفعه ثبوت النون,0
خرج القطار من المحطة,المحطة : مفعول لأجله مرفوع وعلامة رفعه الضمة,0
جئت والشمس مشرقة,جئت : خبر منصوب وعلامة نصبه حذف النون,0
جئت والشمس مشرقة,و : مضاف إليه مرفوع وعلامة رفعه الواو,0
جئت والشمس مشرقة,الشمس : مبتدأ مبني على السكون,0
جئت والشمس مشرقة,مشرقة : اسم إن مبني على الفتح,0
ظننت خالدا يذاكر دروسه,ظننت : حرف جر مبني على السكون,0
ظننت خالدا يذاكر دروسه,التاء : مفعول مطلق مجزوم وعلامة جزمه حذف حرف العلة,0
ظننت خالدا يذاكر دروسه,خالدا : اسم مجرور مبني على السكون,0
ظننت خالدا يذاكر دروسه,يذاكر : مضاف إليه مبني على الضم,0
ظننت خالدا يذاكر دروسه,دروسه : اسم إن مرفوع وعلامة رفعه الواو,0
الشمس تشرق في الصباح,الشمس : خبر إن منصوب وعلامة نصبه الياء,0
الشمس تشرق في الصباح,تشرق : اسم كان مرفوع وعلامة رفعه الواو,0
الشمس تشرق في الصباح,في : حال منصوب وعلامة نصبه حذف النون,0
الشمس تشرق في الصباح,الصباح : ظرف زمان منصوب وعلامة نصبه الفتحة,0
حضر أخوك,حضر : بدل مجزوم وعلامة جزمه حذف النون,0
حضر أخوك,أخوك : اسم إن مجزوم وعلامة جزمه حذف حرف العلة,0
دخل اللاعبون الملعب,دخل : مفعول فيه منصوب وعلامة نصبه الياء,0
دخل اللاعبون الملعب,اللاعبون : خبر كان مجرور وعلامة جره الفتحة,0
دخل اللاعبون الملعب,الملعب : اسم مجرور مجزوم وعلامة جزمه السكون,0
انكسرت عجلتا الدراجة,انكسرت : اسم كان منصوب وعلامة نصبه الياء,0
انكسرت عجلتا الدراجة,عجلتا : حرف توكيد ونصب مبني على الفتح,0
انكسرت عجلتا الدراجة,الدراجة : بدل مرفوع وعلامة رفعه الواو,0
أحب والدى دائما,أحب : خبر إن منصوب وعلامة نصبه الياء,0
أحب والدى دائما,والدي : حرف عطف منصوب وعلامة نصبه الفتحة,0
أحب والدى دائما,دائما : مفعول فيه منصوب وعلامة نصبه الياء,0
الصوم يوم الخميس,الصوم : اسم إن مبني على الكسر,0
الصوم يوم الخميس,يوم : مفعول مطلق مرفوع وعلامة رفعه ثبوت النون,0
الصوم يوم الخميس,الخميس : خبر كان مجرور وعلامة جره الفتحة,0
أغلقت مصراعي الباب,أغلقت : توكيد مجرور وعلامة جره الفتحة,0
أغلقت مصراعي الباب,التاء : مستثنى مجزوم وعلامة جزمه حذف حرف العلة,0
أغلقت مصراعي الباب,مصراعي : ظرف زمان مبني على الضم,0
أغلقت مصراعي الباب,لأنه مثنى،وهو مضاف،وحذفت النون للإضافة-مصراعين-وكسرت الياء الساكنة لتفادي التقاء الساكنين : بدل مجرور وعلامة جره الفتحة,0
أغلقت مصراعي الباب,الباب : تمييز مرفوع وعلامة رفعه الضمة,0
شتان الجد والإهمال,شتان : حال مبني على الضم,0
شتان الجد والإهمال,الجد : حرف جر مجرور وعلامة جره الفتحة,0
شتان الجد والإهمال,الواو : مفعول فيه منصوب وعلامة نصبه الكسرة,0
اقرأ كتابا ينفع,اقرأ : مفعول معه مجزوم وعلامة جزمه حذف حرف العلة,0
اقرأ كتابا ينفع,كتابا : فاعل مبني على السكون,0
اقرأ كتابا ينفع,ينفع : خبر إن مجزوم وعلامة جزمه السكون,0
كتب المعلم الدرس على السبورة,كتب : مفعول لأجله مجرور وعلامة جره الياء,0
كتب المعلم الدرس على السبورة,المعلم : نعت مجرور وعلامة جره الفتحة,0
كتب المعلم الدرس على السبورة,الدرس : مبتدأ منصوب وعلامة نصبه الياء,0
كتب المعلم الدرس على السبورة,على : بدل مجزوم وعلامة جزمه حذف حرف العلة,0
كتب المعلم الدرس على السبورة,السبورة : اسم كان مجزوم وعلامة جزمه حذف النون,0
قابلت زيدا يوم حضر,قابلت : مفعول فيه مجزوم وعلامة جزمه السكون,0
قابلت زيدا يوم حضر,زيدا : نعت مجرور وعلامة جره الياء,0
قابلت زيدا يوم حضر,يوم : مبتدأ مجزوم وعلامة جزمه حذف النون,0
قابلت زيدا يوم حضر,حضر : حرف عطف مرفوع وعلامة رفعه ثبوت النون,0
هذا كتاب ينفع,هذا : بدل مرفوع وعلامة رفعه الواو,0
هذا كتاب ينفع,كتاب : مفعول معه مجرور وعلامة جره الفتحة,0
هذا كتاب ينفع,ينفع : حرف جر مجزوم وعلامة جزمه حذف النون,0
كاد النهار يمضي,كاد : مفعول مطلق مرفوع وعلامة رفعه الواو,0
كاد النهار يمضي,النهار : تمييز مبني على الفتح,0
كاد النهار يمضي,يمضي : مضاف إليه مجزوم وعلامة جزمه حذف النون,0
استحالت النار رمادا,استحالت فعل ماض مبني على الفتح،التاء : مفعول لأجله مرفوع وعلامة رفعه الضمة,0
استحالت النار رمادا,النار : خبر إن مبني على الفتح,0
استحالت النار رمادا,رمادا : خبر كان منصوب وعلامة نصبه الياء,0
رأيت الطلاب يذاكرون دروسهم,رأيت : مستثنى مرفوع وعلامة رفعه ثبوت النون,0
رأيت الطلاب يذاكرون دروسهم,الطلاب : ظرف زمان منصوب وعلامة نصبه الفتحة,0
رأيت الطلاب يذاكرون دروسهم,يذاكرون : مفعول مطلق مرفوع وعلامة رفعه الواو,0
رأيت الطلاب يذاكرون دروسهم,دروسهم : مفعول لأجله مجرور وعلامة جره الفتحة,0
زيد يدرس الطب,زيد : خبر كان مجرور وعلامة جره الياء,0
زيد يدرس الطب,يدرس : حرف عطف مجزوم وعلامة جزمه حذف العلة,0
زيد يدرس الطب,"والفاعل ضمير مستتر تقديره ""هو"" : حال مجزوم وعلامة جزمه حذف النون",0
زيد يدرس الطب,الطب : خبر مجزوم وعلامة جزمه السكون,0
ما قطف الفلاح الفواكه إلا العنب,ما : اسم إن مبني على الفتح,0
ما قطف الفلاح الفواكه إلا العنب,قطف : اسم مجرور مرفوع وعلامة رفعه الألف,0
ما قطف الفلاح الفواكه إلا العنب,الفلاح : حرف جر مجزوم وعلامة جزمه حذف العلة,0
ما قطف الفلاح الفواكه إلا العنب,الفواكه : حرف توكيد ونصب مبني على الكسر,0
ما قطف الفلاح الفواكه إلا العنب,إلا : حرف عطف مرفوع وعلامة رفعه الألف,0
ما قطف الفلاح الفواكه إلا العنب,العنب : نائب فاعل مجرور وعلامة جره الفتحة,0
الأولاد يلعبون في الحديقة,الأولاد : منادى مجزوم وعلامة جزمه السكون,0
الأولاد يلعبون في الحديقة,يلعبون : مفعول مطلق مبني على السكون,0
الأولاد يلعبون في الحديقة,في : عطف بيان مجرور وعلامة جره الفتحة,0
الأولاد يلعبون في الحديقة,الحديقة : حرف جر مبني على السكون,0
دائما أحب والدى,دائما : مفعول مطلق مجرور وعلامة جره الكسرة,0
دائما أحب والدى,أحب : خبر كان منصوب وعلامة نصبه حذف النون,0
دائما أحب والدى,والدي : توكيد منصوب وعلامة نصبه الكسرة,0
